{"mtimes": {"specs/L1-CONTRACTS.md": 1770300136.8912973, "specs/L3-COMPILER.md": 1770298664.4682434, "specs/L2-ARCHITECTURE.md": 1770298662.4141786, "specs/L0-VISION.md": 1770300017.5555453}, "last_valid": 1770300136.8912973}